id,ip_address,hasCliques,asn
63,54.190.253.12,1010,16509
47,54.186.73.52,959,16509
61,52.25.71.90,940,16509
53,54.218.44.232,933,16509
41,54.186.248.91,900,16509
45,54.218.154.177,795,16509
56,54.245.168.196,761,16509
5,54.213.156.82,656,16509
21,54.202.12.93,593,16509
28,54.203.128.96,579,16509
46,34.213.185.56,576,16509
24,54.202.39.36,552,16509
35,54.244.69.36,544,16509
14,54.213.149.26,543,16509
54,34.214.5.202,512,16509
44,54.202.1.233,503,16509
33,54.218.232.1,502,16509
407,35.158.96.209,480,16509
55,54.212.236.161,476,16509
13,54.203.8.192,465,16509
30,54.202.39.236,461,16509
177,52.79.141.73,450,16509
85,52.78.78.122,430,16509
37,54.245.40.248,411,16509
25,54.200.82.201,390,16509
159,34.210.87.206,387,16509
75,54.183.39.193,39,16509
806,3.16.14.85,31,16509
985,35.178.133.252,29,16509
1006,3.114.81.2,25,16509
398,18.138.222.231,23,16509
375,18.202.60.84,22,16509
676,54.169.209.7,21,16509
903,34.253.200.96,20,16509
414,3.114.9.58,19,16509
921,54.229.48.248,19,16509
264,54.180.20.32,18,16509
323,63.35.248.17,18,16509
668,54.201.131.213,18,16509
354,54.95.74.116,18,16509
498,52.213.33.138,18,16509
256,34.253.41.169,17,16509
104,34.251.214.152,17,16509
743,46.51.230.87,16,16509
262,13.251.47.174,16,16509
732,3.14.13.108,15,16509
353,54.249.154.139,15,16509
200,34.241.110.10,14,16509
501,3.15.20.1,14,16509
368,13.124.159.175,13,16509
72,18.188.177.78,13,16509
585,35.163.138.168,13,16509
446,13.251.201.26,12,16509
592,18.188.177.78,12,16509
537,18.179.11.84,12,16509
106,63.32.122.188,12,16509
88,34.241.39.53,12,16509
637,54.92.104.198,12,16509
110,52.221.246.62,12,16509
895,34.244.53.190,12,16509
464,54.254.234.221,12,16509
574,52.79.78.108,11,16509
402,3.122.170.138,11,16509
547,34.211.150.101,11,16509
360,54.250.242.107,11,16509
449,54.185.9.71,10,16509
137,54.254.254.137,10,16509
742,34.241.17.80,10,16509
226,13.124.116.12,10,16509
349,13.230.61.80,10,16509
57,18.237.246.168,9,16509
363,13.209.131.99,8,16509
524,52.76.255.213,8,16509
335,54.169.103.246,8,16509
329,13.125.62.70,8,16509
1037,3.112.252.116,8,16509
197,52.69.75.192,8,16509
249,99.81.71.172,8,16509
116,13.230.131.233,8,16509
807,52.196.181.97,7,16509
639,3.114.23.101,7,16509
176,108.128.253.165,7,16509
636,3.113.42.116,7,16509
657,13.251.95.40,7,16509
130,54.180.146.153,7,16509
484,18.136.90.255,7,16509
1021,18.196.253.165,7,16509
572,34.251.214.152,7,16509
539,13.234.84.46,6,16509
727,13.251.85.212,6,16509
543,63.34.102.148,6,16509
1016,52.199.54.69,6,16509
582,13.229.13.48,6,16509
413,52.77.244.93,6,16509
1031,18.182.73.58,6,16509
684,13.251.3.199,6,16509
786,18.136.197.76,6,16509
1047,52.79.110.54,6,16509
661,54.179.169.235,6,16509
273,52.198.187.80,6,16509
717,52.198.140.165,6,16509
250,52.199.80.189,6,16509
651,3.120.171.223,5,16509
841,18.197.75.53,5,16509
997,3.17.75.40,5,16509
1023,3.120.182.179,5,16509
460,3.1.152.252,5,16509
516,52.193.104.31,5,16509
105,13.115.250.181,5,16509
453,54.64.210.239,5,16509
566,13.115.18.136,5,16509
296,13.124.68.17,5,16509
268,18.162.81.113,5,16509
706,3.113.103.103,5,16509
391,3.122.162.127,5,16509
851,34.244.52.48,5,16509
359,52.210.0.59,5,16509
215,18.139.12.211,5,16509
820,52.79.110.152,5,16509
419,34.215.168.234,5,16509
164,54.169.1.63,5,16509
1042,52.196.126.86,5,16509
165,3.0.219.49,5,16509
522,3.112.138.57,4,16509
530,54.77.43.72,4,16509
538,54.154.207.79,4,16509
814,13.230.138.109,4,16509
705,18.228.54.180,4,16509
640,13.251.51.107,4,16509
641,13.115.200.130,4,16509
823,35.158.100.71,4,16509
686,3.112.138.57,4,16509
664,18.191.205.162,4,16509
740,52.13.203.98,4,16509
865,3.17.75.40,4,16509
731,54.254.236.45,4,16509
730,34.253.76.9,4,16509
626,35.183.88.251,4,16509
631,3.113.127.188,4,16509
314,54.180.106.1,4,16509
355,3.113.72.70,4,16509
83,18.139.166.250,4,16509
91,34.245.213.99,4,16509
380,3.112.34.72,4,16509
438,18.182.25.194,4,16509
184,54.248.214.183,4,16509
134,52.76.237.111,4,16509
254,52.53.98.103,4,16509
257,18.182.20.3,4,16509
949,18.202.65.185,4,16509
281,34.217.23.172,4,16509
94,52.193.146.234,4,16509
515,18.182.47.14,4,16509
480,13.209.243.246,4,16509
462,3.1.80.48,4,16509
452,13.125.165.48,4,16509
502,3.120.178.230,4,16509
882,34.252.51.211,4,16509
695,52.36.247.36,3,16509
246,54.180.1.6,3,16509
265,54.215.134.155,3,16509
280,13.229.200.169,3,16509
279,52.79.77.191,3,16509
96,18.188.177.78,3,16509
682,18.182.240.144,3,16509
271,54.65.167.43,3,16509
138,18.139.114.6,3,16509
982,3.112.138.57,3,16509
172,3.1.203.196,3,16509
169,54.178.183.72,3,16509
736,52.210.187.60,3,16509
145,13.112.175.116,3,16509
872,54.229.32.168,3,16509
231,52.194.220.209,3,16509
505,52.196.41.152,3,16509
716,52.69.241.39,3,16509
877,3.121.247.139,3,16509
510,52.59.168.83,3,16509
387,52.220.48.91,3,16509
459,54.92.93.120,3,16509
618,52.215.90.150,3,16509
78,13.115.33.224,3,16509
583,13.114.149.196,3,16509
576,52.41.186.193,3,16509
568,3.0.184.45,3,16509
405,13.125.227.130,3,16509
599,18.140.83.136,3,16509
550,52.76.236.195,3,16509
317,54.65.126.137,3,16509
313,13.112.52.91,3,16509
656,18.139.81.22,3,16509
800,54.255.228.166,3,16509
304,54.238.130.147,3,16509
303,3.113.127.188,3,16509
338,18.139.59.155,3,16509
346,34.250.155.179,3,16509
923,52.14.16.11,2,16509
810,18.203.105.120,2,16509
965,52.198.226.163,2,16509
813,52.18.225.98,2,16509
954,18.202.65.185,2,16509
953,18.188.247.55,2,16509
822,18.184.252.149,2,16509
835,18.229.119.89,2,16509
326,54.65.179.69,2,16509
361,52.89.223.33,2,16509
312,52.79.182.215,2,16509
120,3.113.173.90,2,16509
121,3.9.226.138,2,16509
448,52.78.25.54,2,16509
431,54.241.159.115,2,16509
425,3.113.173.90,2,16509
276,52.193.102.161,2,16509
423,18.139.240.141,2,16509
410,13.231.196.91,2,16509
403,52.194.232.221,2,16509
392,54.180.106.31,2,16509
143,52.25.10.5,2,16509
195,3.112.205.46,2,16509
190,52.194.51.86,2,16509
186,13.125.2.230,2,16509
135,18.182.240.144,2,16509
196,54.212.109.192,2,16509
166,3.112.243.227,2,16509
163,54.65.207.39,2,16509
162,13.112.113.210,2,16509
160,13.113.191.214,2,16509
156,34.214.232.175,2,16509
153,54.180.27.189,2,16509
144,52.14.42.63,2,16509
123,52.79.214.55,2,16509
125,52.35.30.149,2,16509
126,18.191.139.15,2,16509
247,18.179.58.149,2,16509
239,13.209.44.12,2,16509
230,3.112.30.133,2,16509
214,52.194.6.24,2,16509
671,54.214.205.211,2,16509
693,54.250.253.121,2,16509
689,54.219.174.87,2,16509
681,54.92.93.120,2,16509
674,54.95.212.85,2,16509
642,3.112.138.57,2,16509
627,13.251.42.22,2,16509
739,34.247.231.101,2,16509
59,52.38.125.205,2,16509
64,13.209.242.137,2,16509
476,18.136.66.248,2,16509
707,3.18.86.186,2,16509
704,52.199.219.216,2,16509
518,13.114.159.105,2,16509
580,54.95.147.252,2,16509
508,13.229.72.188,2,16509
579,52.25.10.5,2,16509
84,54.169.241.90,2,16509
567,13.57.71.117,2,16509
512,18.220.120.27,2,16509
564,34.220.161.235,2,16509
559,34.213.112.56,2,16509
548,52.194.210.76,2,16509
87,52.193.186.216,2,16509
540,13.250.32.77,2,16509
97,13.230.237.195,2,16509
133,52.193.186.216,1,16509
103,54.250.195.159,1,16509
141,54.95.35.107,1,16509
93,13.112.254.157,1,16509
60,13.230.225.131,1,16509
80,52.62.138.234,1,16509
122,54.65.207.39,1,16509
92,13.124.255.72,1,16509
581,18.182.213.98,1,16509
624,13.114.57.134,1,16509
617,18.221.31.205,1,16509
577,35.176.246.147,1,16509
511,13.229.117.127,1,16509
483,54.169.40.162,1,16509
471,13.57.189.14,1,16509
450,13.57.7.180,1,16509
752,54.238.100.197,1,16509
206,13.251.212.38,1,16509
267,34.215.107.187,1,16509
274,52.194.223.69,1,16509
201,52.79.213.73,1,16509
199,13.230.43.145,1,16509
173,3.112.151.161,1,16509
441,3.112.124.216,1,16509
374,13.57.193.206,1,16509
147,18.182.213.98,1,16509
282,34.219.200.76,1,16509
328,138.201.225.253,787,24940
112,94.130.8.86,586,24940
152,88.99.137.170,546,24940
229,136.243.24.38,436,24940
107,95.216.5.218,435,24940
325,94.130.8.85,398,24940
321,78.46.78.206,179,24940
212,138.201.225.252,43,24940
266,95.216.227.171,31,24940
861,195.201.133.209,26,24940
876,95.216.155.177,25,24940
934,95.217.35.32,19,24940
986,144.76.27.145,18,24940
943,95.216.242.46,17,24940
804,195.201.37.241,16,24940
630,178.63.54.97,16,24940
202,95.216.39.242,16,24940
789,5.9.28.184,14,24940
826,195.201.133.209,14,24940
863,94.130.254.103,14,24940
857,78.46.88.205,13,24940
753,159.69.66.107,13,24940
457,95.216.2.27,13,24940
207,144.76.41.45,12,24940
458,95.216.76.224,12,24940
776,178.63.52.205,11,24940
719,95.217.36.126,11,24940
979,178.63.68.200,10,24940
477,159.69.66.107,10,24940
925,5.9.20.75,10,24940
348,95.216.193.226,9,24940
440,138.201.83.166,9,24940
878,195.201.184.126,9,24940
972,95.216.204.2,8,24940
830,159.69.218.49,8,24940
992,116.203.156.84,7,24940
983,176.9.105.208,7,24940
489,94.130.38.85,7,24940
968,148.251.120.152,7,24940
990,116.203.51.44,6,24940
904,195.201.203.189,6,24940
941,88.99.216.30,6,24940
495,195.201.84.104,5,24940
665,159.69.65.110,5,24940
974,138.201.126.7,5,24940
235,148.251.194.44,5,24940
491,195.201.199.165,5,24940
952,88.198.158.248,5,24940
774,138.201.205.69,4,24940
840,176.9.211.43,4,24940
560,195.201.37.121,4,24940
805,136.243.15.166,4,24940
378,159.69.118.194,4,24940
930,88.99.24.149,4,24940
911,159.69.1.30,4,24940
998,159.69.129.21,4,24940
222,95.216.116.42,4,24940
888,88.99.235.240,4,24940
694,159.69.129.21,3,24940
519,95.216.1.153,3,24940
751,5.9.153.235,3,24940
977,159.69.198.225,3,24940
994,94.130.239.23,3,24940
154,94.130.214.89,3,24940
836,144.76.237.52,3,24940
907,116.202.42.6,3,24940
858,116.203.129.96,3,24940
1014,116.203.121.235,2,24940
844,95.216.226.217,2,24940
894,88.99.105.111,2,24940
859,159.69.142.112,2,24940
951,195.201.21.132,2,24940
944,195.201.58.166,2,24940
698,94.130.194.2,2,24940
771,136.243.80.60,2,24940
955,144.76.25.187,1,24940
916,176.9.211.44,1,24940
234,34.76.173.225,36,15169
270,34.92.59.65,18,15169
347,35.240.126.179,18,15169
950,35.204.173.206,17,15169
189,35.197.153.68,16,15169
628,35.196.10.216,15,15169
496,35.229.192.170,15,15169
980,35.204.243.115,14,15169
320,34.92.203.152,13,15169
793,104.197.42.53,12,15169
494,35.187.255.31,11,15169
178,35.190.193.214,11,15169
670,35.185.115.59,10,15169
140,35.194.181.55,10,15169
652,35.229.79.159,10,15169
180,35.201.152.205,10,15169
1002,34.65.28.149,9,15169
556,35.240.11.237,9,15169
297,104.198.59.178,8,15169
102,35.240.177.227,8,15169
225,35.230.103.248,7,15169
575,35.240.154.102,7,15169
211,34.80.12.75,7,15169
554,35.187.37.196,6,15169
1022,104.155.229.113,6,15169
875,35.240.91.37,6,15169
866,35.225.200.130,5,15169
729,35.189.148.80,5,15169
964,35.195.216.22,5,15169
170,104.199.164.228,5,15169
679,35.185.11.117,4,15169
607,35.195.223.235,4,15169
343,34.85.41.137,4,15169
272,34.68.149.174,4,15169
889,34.76.118.79,4,15169
492,35.230.73.164,4,15169
1017,34.80.38.140,3,15169
832,35.195.159.79,3,15169
959,35.196.210.7,3,15169
1015,34.89.75.169,3,15169
509,34.83.67.153,3,15169
910,35.205.97.242,3,15169
891,35.246.70.121,3,15169
545,35.224.169.137,3,15169
86,35.199.178.220,3,15169
659,35.247.144.185,3,15169
300,35.194.252.134,3,15169
555,35.234.59.219,3,15169
331,35.240.234.254,3,15169
905,34.65.49.18,2,15169
342,34.85.94.193,2,15169
430,35.231.45.250,2,15169
185,35.240.136.34,2,15169
183,34.80.143.120,2,15169
136,35.240.248.73,2,15169
127,35.196.4.114,2,15169
66,34.84.220.159,2,15169
761,34.65.28.149,2,15169
591,35.230.44.247,1,15169
19,34.203.40.35,1416,14618
12,54.86.175.122,1284,14618
3,54.205.100.180,1282,14618
48,52.91.173.237,1257,14618
40,34.201.63.178,1182,14618
18,34.224.89.120,1134,14618
8,52.90.42.69,1094,14618
146,34.205.233.231,1093,14618
29,54.172.76.54,1093,14618
34,34.201.59.230,1091,14618
26,184.72.137.59,1062,14618
20,34.227.191.219,986,14618
36,34.201.105.122,984,14618
16,34.239.128.122,980,14618
27,34.229.128.152,980,14618
1,54.152.10.245,969,14618
32,34.239.120.20,961,14618
15,54.84.21.230,936,14618
31,54.160.239.185,920,14618
90,3.216.68.48,351,14618
174,52.207.133.206,129,14618
181,3.217.133.209,100,14618
710,18.232.189.41,20,14618
601,35.170.242.4,13,14618
531,54.86.245.189,12,14618
899,54.175.255.198,10,14618
115,34.234.104.214,6,14618
864,52.5.197.149,6,14618
796,18.208.200.117,6,14618
316,34.198.220.211,5,14618
760,52.87.168.114,5,14618
790,35.173.250.161,4,14618
799,18.212.8.64,4,14618
151,18.210.194.171,4,14618
114,54.234.197.107,4,14618
488,3.213.112.162,3,14618
155,18.210.194.171,3,14618
967,54.84.236.229,3,14618
724,34.224.22.167,3,14618
608,3.213.112.162,3,14618
788,35.174.47.227,3,14618
586,3.213.112.162,3,14618
798,3.214.184.36,2,14618
928,34.238.55.142,2,14618
902,34.204.7.42,2,14618
228,18.211.246.89,2,14618
660,34.193.207.130,2,14618
787,34.239.174.155,2,14618
775,3.90.202.139,2,14618
748,3.92.168.137,2,14618
594,34.232.88.98,2,14618
620,3.85.202.80,1,14618
687,52.5.197.149,1,14618
224,3.92.100.167,1,14618
179,52.71.172.48,1,14618
341,52.207.54.232,1,14618
258,47.52.248.137,20,45102
867,47.75.41.115,16,45102
67,161.117.11.159,6,45102
1061,47.254.214.43,6,45102
292,47.74.248.99,6,45102
536,47.88.219.178,6,45102
463,47.91.47.13,5,45102
738,47.74.232.122,5,45102
533,47.91.224.127,5,45102
544,47.52.116.216,4,45102
645,47.91.154.254,4,45102
833,47.254.232.8,4,45102
733,47.52.216.249,4,45102
619,47.244.179.69,4,45102
77,47.74.144.83,4,45102
426,47.88.172.171,4,45102
216,47.75.172.242,4,45102
451,47.90.125.188,4,45102
454,47.75.125.85,4,45102
500,47.75.213.69,3,45102
298,47.89.33.182,3,45102
666,47.75.42.10,3,45102
284,47.74.227.228,3,45102
485,47.74.147.95,3,45102
750,47.74.33.102,3,45102
442,161.117.176.244,3,45102
880,47.52.199.59,3,45102
482,47.244.90.213,3,45102
470,47.240.38.207,3,45102
350,47.75.186.93,3,45102
816,47.88.158.25,2,45102
366,47.91.218.225,2,45102
356,47.52.67.29,2,45102
319,47.75.185.254,2,45102
396,47.75.123.231,2,45102
385,47.75.95.250,2,45102
158,47.74.23.8,2,45102
124,47.75.95.250,2,45102
238,47.52.63.164,2,45102
128,47.74.187.186,2,45102
205,47.74.223.81,2,45102
131,47.74.22.190,2,45102
132,47.244.149.95,2,45102
700,47.244.132.139,2,45102
603,47.244.2.163,2,45102
720,47.52.135.32,2,45102
487,47.75.132.155,2,45102
82,47.75.109.126,2,45102
76,47.244.129.229,1,45102
692,47.52.97.254,1,45102
669,47.75.139.186,1,45102
171,47.91.154.254,1,45102
309,47.88.175.4,1,45102
240,40.85.225.135,35,8075
337,13.92.137.93,22,8075
909,52.232.78.66,13,8075
552,13.70.139.117,11,8075
242,52.246.164.141,8,8075
1028,138.91.8.154,7,8075
1036,13.78.62.59,7,8075
1024,13.71.137.226,6,8075
70,13.78.62.59,6,8075
65,13.64.98.72,6,8075
871,51.105.129.168,5,8075
868,51.105.129.168,4,8075
558,52.231.73.156,4,8075
728,13.78.62.59,4,8075
373,13.78.58.129,4,8075
244,52.231.72.86,3,8075
735,52.151.232.246,3,8075
139,52.149.79.65,3,8075
746,40.119.213.2,3,8075
455,40.85.209.1,3,8075
389,52.157.228.63,3,8075
89,52.151.232.246,3,8075
922,40.85.209.1,3,8075
358,13.64.98.72,3,8075
920,52.149.79.65,2,8075
856,13.69.120.209,2,8075
976,13.78.62.59,2,8075
435,40.119.213.2,2,8075
192,40.115.140.200,2,8075
677,52.173.92.71,2,8075
650,23.98.39.203,2,8075
702,52.141.7.172,2,8075
593,168.63.212.134,2,8075
1018,51.105.129.97,1,8075
1029,51.105.129.97,1,8075
1013,52.149.79.64,1,8075
1012,52.149.79.64,1,8075
237,13.75.88.194,1,8075
395,52.138.31.74,1,8075
1001,157.230.29.213,23,14061
849,157.230.35.28,22,14061
755,178.128.18.136,20,14061
696,207.154.235.212,19,14061
734,178.128.118.82,19,14061
766,134.209.105.209,17,14061
149,167.99.79.199,16,14061
893,157.230.241.181,16,14061
721,159.65.142.167,15,14061
781,178.128.23.22,15,14061
278,159.65.19.216,13,14061
393,206.189.110.41,11,14061
815,68.183.230.160,11,14061
520,159.89.0.55,8,14061
646,167.71.248.186,8,14061
595,174.138.30.85,8,14061
263,167.71.108.166,8,14061
715,165.227.148.221,5,14061
243,167.99.87.77,5,14061
759,165.22.201.148,4,14061
924,68.183.69.9,4,14061
989,157.245.40.32,4,14061
194,157.230.38.131,4,14061
883,159.89.0.55,4,14061
622,157.230.6.23,3,14061
644,165.227.189.21,3,14061
404,157.245.184.147,2,14061
881,157.245.198.41,1,14061
371,51.68.119.155,813,16276
58,51.89.153.154,376,16276
838,51.89.153.199,25,16276
726,51.77.108.140,20,16276
834,51.89.7.45,16,16276
602,192.99.0.134,15,16276
827,149.56.31.230,14,16276
478,192.99.15.174,14,16276
885,164.132.201.104,13,16276
802,158.69.117.8,12,16276
1043,46.105.189.240,9,16276
248,192.99.21.101,8,16276
525,149.56.21.61,7,16276
203,158.69.24.50,7,16276
367,158.69.118.2,6,16276
301,192.99.46.156,6,16276
623,158.69.102.238,6,16276
417,149.56.21.37,5,16276
969,151.80.17.131,4,16276
973,213.32.6.226,3,16276
884,37.187.90.108,3,16276
852,142.4.216.199,2,16276
821,54.39.100.7,2,16276
945,147.135.37.241,2,16276
714,51.91.18.194,2,16276
553,147.135.44.236,2,16276
837,139.99.209.74,1,16276
42,169.55.164.21,1271,36351
4,184.173.45.35,1205,36351
6,174.37.225.45,1172,36351
52,169.55.164.20,1165,36351
49,169.55.164.30,1141,36351
2,169.55.164.28,1097,36351
51,169.54.2.157,1087,36351
7,169.55.164.25,1077,36351
10,184.173.45.36,1041,36351
39,174.37.225.41,1041,36351
11,169.55.164.29,1026,36351
43,198.11.206.6,950,36351
9,184.173.45.62,919,36351
17,169.54.137.7,770,36351
22,169.54.2.151,744,36351
23,198.11.206.26,717,36351
860,169.51.57.166,17,36351
0,169.44.60.105,3,36351
1033,169.56.114.54,1,36351
401,211.43.8.172,14,4766
612,211.251.250.12,13,4766
465,211.39.138.179,13,4766
600,211.251.250.11,13,4766
291,210.92.23.213,11,4766
614,61.74.109.22,11,4766
302,211.251.235.72,11,4766
217,210.180.64.165,8,4766
570,183.98.29.165,5,4766
615,210.180.65.65,5,4766
673,210.180.64.165,3,4766
381,211.62.106.1,3,4766
625,222.107.146.17,3,4766
372,183.111.204.119,2,4766
370,183.111.204.18,2,4766
98,210.180.64.165,2,4766
479,211.54.40.141,2,4766
1064,211.218.211.221,1,4766
255,216.155.136.186,88,20473
588,207.246.89.6,18,20473
187,45.32.131.163,11,20473
193,198.13.58.221,10,20473
439,144.202.27.50,9,20473
713,104.207.142.109,4,20473
299,66.42.65.90,2,20473
198,45.76.148.17,2,20473
521,167.179.67.31,2,20473
223,149.28.10.107,1,20473
415,202.238.193.16,21,2497
513,58.138.159.44,5,2497
527,202.32.183.94,4,2497
557,220.100.119.124,4,2497
514,202.32.183.78,3,2497
379,202.32.183.93,2,2497
118,202.32.183.86,2,2497
168,202.32.183.77,2,2497
167,202.32.183.85,2,2497
517,58.138.159.43,2,2497
351,123.214.137.133,16,9318
1063,116.125.120.98,10,9318
81,175.125.95.22,4,9318
394,175.125.95.21,4,9318
605,1.234.18.162,3,9318
318,110.10.124.154,3,9318
330,110.10.124.153,2,9318
233,110.10.124.15,2,9318
912,172.255.99.84,8,7979
908,23.111.86.28,6,7979
906,188.42.33.124,4,7979
874,23.111.236.52,4,7979
535,142.234.35.212,2,7979
932,213.196.37.164,2,7979
382,23.111.226.214,2,7979
996,39.105.194.218,8,37963
782,121.199.16.131,5,37963
209,47.112.130.147,5,37963
818,47.96.169.40,4,37963
825,118.31.68.60,4,37963
542,139.224.115.86,3,37963
1046,39.106.15.137,2,37963
862,91.109.20.69,17,28753
850,91.109.20.69,10,28753
984,46.165.249.40,8,28753
1005,78.159.101.3,4,28753
879,178.162.218.42,2,28753
285,129.226.72.225,3,132203
817,119.28.135.91,3,132203
433,150.109.105.95,3,132203
846,150.109.100.120,2,132203
809,150.109.58.155,2,132203
365,159.138.5.44,2,136907
424,159.138.21.111,2,136907
473,159.138.3.90,2,136907
432,159.138.35.202,2,136907
654,159.138.139.165,1,136907
422,94.237.49.50,69,202053
523,94.237.45.66,47,202053
113,94.237.78.73,5,202053
938,94.237.30.82,2,202053
749,118.1.96.81,25,4713
411,153.150.113.226,8,4713
722,210.248.166.255,7,4713
100,210.248.166.255,7,4713
960,207.180.217.225,22,51167
1035,164.68.99.46,17,51167
991,173.212.202.187,7,51167
791,173.212.202.187,3,51167
744,192.151.157.20,21,33387
499,198.204.228.244,17,33387
399,198.204.228.243,13,33387
227,192.151.157.19,8,33387
345,212.83.147.67,12,12876
578,62.210.104.185,6,12876
794,62.210.127.94,4,12876
808,195.154.94.16,2,12876
571,178.22.66.128,4,50837
344,178.22.69.118,4,50837
493,178.22.70.24,3,50837
931,31.171.244.98,2,50837
1020,73.108.205.248,4,7922
290,71.197.2.119,3,7922
412,50.225.198.67,3,7922
690,98.202.200.114,2,7922
416,107.150.126.142,2,135377
245,128.1.137.104,2,135377
549,128.1.137.64,2,135377
758,128.1.137.165,1,135377
175,45.56.78.201,559,63949
870,139.162.149.139,14,63949
683,192.81.129.245,1,63949
327,115.68.52.217,14,38700
1062,115.68.190.124,5,38700
1066,115.68.139.93,1,38700
150,121.78.223.203,9,9286
288,121.78.60.147,4,9286
161,121.78.223.201,3,9286
1000,62.182.172.71,5,31130
929,62.182.175.36,4,31130
966,62.182.175.36,4,31130
783,5.79.72.85,4,60781
887,95.211.222.67,2,60781
472,94.75.216.5,2,60781
703,103.41.105.60,4,63888
563,103.235.170.35,3,63888
204,103.41.105.70,1,63888
191,49.236.143.41,3,135354
434,203.104.191.213,3,135354
795,203.104.191.213,3,135354
307,59.185.224.109,53,17813
474,59.185.224.107,14,17813
333,217.103.221.7,44,33915
869,83.80.230.108,4,33915
551,194.35.86.10,26,202442
898,194.35.86.10,15,202442
675,136.37.47.17,19,16591
397,136.37.47.17,14,16591
613,198.24.164.26,19,19437
913,23.235.226.50,2,19437
897,125.212.226.209,18,38731
468,125.212.226.209,17,38731
843,88.208.3.195,16,39572
507,88.208.34.114,14,39572
649,178.172.225.22,16,50294
295,178.172.225.22,12,50294
606,75.158.173.87,15,852
569,50.93.15.58,13,852
218,113.35.179.151,11,17506
99,113.43.231.35,5,17506
332,78.28.225.160,8,204380
711,78.28.225.21,2,204380
443,103.126.24.98,6,138456
629,103.126.24.98,3,138456
573,103.71.157.239,6,133203
157,103.71.157.239,2,133203
754,217.110.67.200,6,8220
678,62.23.26.74,3,8220
937,24.92.249.150,6,11351
589,72.230.67.115,2,11351
219,82.83.209.184,6,3209
978,24.134.26.141,3,3209
129,82.145.41.24,5,20860
444,109.169.87.221,2,20860
999,120.92.11.175,5,59019
842,120.92.11.175,3,59019
504,133.242.228.185,3,7684
71,153.120.171.176,1,7684
712,61.97.253.77,2,45382
369,61.97.253.21,1,45382
109,95.183.55.226,134,197988
79,173.214.168.39,33,19318
334,69.197.138.242,30,32097
611,210.92.169.60,20,3786
427,152.2.73.210,19,36850
111,188.65.212.210,18,6719
486,202.177.24.140,17,7479
919,91.137.23.2,17,199284
74,185.232.160.20,17,49033
388,103.76.36.160,17,58621
311,84.215.250.223,16,41164
352,103.214.144.65,15,135330
336,91.200.28.85,14,43776
762,217.29.56.148,13,39238
632,128.2.12.49,12,9
672,104.225.221.120,12,29802
811,91.218.127.91,10,50673
797,185.82.203.175,9,60117
68,185.228.139.178,9,197540
587,27.133.132.14,7,9370
777,150.95.79.79,6,135161
1011,84.255.243.48,6,34779
988,103.251.141.62,6,134375
995,80.92.232.39,6,1820
655,185.120.146.70,6,9009
824,110.43.37.254,6,58466
528,217.165.14.160,5,5384
236,122.249.68.194,5,4685
845,185.122.244.159,5,39498
981,195.142.106.155,5,199484
541,45.120.45.149,5,133041
609,182.61.183.95,5,55967
812,109.194.199.73,5,41727
855,128.210.107.26,5,17
741,5.39.169.117,5,31673
785,113.156.47.142,5,2516
956,77.120.123.74,5,25229
780,173.248.224.157,4,132585
688,188.72.210.88,4,204006
853,68.173.180.158,4,12271
596,197.80.61.20,4,10474
718,147.75.80.38,4,54825
927,202.134.18.17,4,45903
917,93.49.109.63,4,12874
1045,185.250.251.12,4,31400
261,210.99.172.176,4,45400
942,213.21.215.216,4,8285
939,89.151.202.193,4,34087
691,209.50.61.111,3,25697
819,189.120.108.253,3,28573
287,211.22.104.26,3,3462
801,91.210.37.218,3,48085
779,96.54.164.97,3,6327
436,192.98.120.132,3,204279
421,1.255.51.103,3,23576
784,89.207.131.151,3,62370
1058,156.238.62.49,3,133201
1068,113.109.49.240,2,4134
803,216.194.165.98,2,22611
1044,101.124.16.153,2,131486
914,152.254.255.4,2,27699
886,185.177.5.5,2,206759
946,71.67.65.230,2,10796
357,204.13.9.76,2,32915
69,109.94.171.128,2,3214
685,117.55.208.124,2,10021
648,194.124.156.44,2,51934
737,209.220.136.124,2,2828
1025,180.168.38.190,1,4812
108,203.86.202.165,1,23655
561,128.32.222.11,1,25
948,62.12.169.237,1,15623
957,84.38.135.43,1,52048
975,5.254.89.195,1,3223
324,119.254.81.66,1,4847
38,,358,anonymous
293,,46,anonymous
117,,15,anonymous
142,,14,anonymous
418,,14,anonymous
638,,12,anonymous
377,,12,anonymous
839,,11,anonymous
604,,11,anonymous
286,,10,anonymous
701,,10,anonymous
597,,10,anonymous
429,,8,anonymous
469,,8,anonymous
503,,8,anonymous
340,,8,anonymous
408,,8,anonymous
210,,8,anonymous
723,,8,anonymous
958,,8,anonymous
1004,,8,anonymous
95,,8,anonymous
1039,,7,anonymous
747,,7,anonymous
400,,7,anonymous
635,,7,anonymous
915,,6,anonymous
289,,6,anonymous
390,,6,anonymous
584,,6,anonymous
409,,6,anonymous
269,,6,anonymous
940,,6,anonymous
757,,5,anonymous
437,,5,anonymous
260,,5,anonymous
322,,5,anonymous
461,,5,anonymous
680,,5,anonymous
947,,5,anonymous
565,,5,anonymous
633,,5,anonymous
182,,5,anonymous
725,,5,anonymous
610,,5,anonymous
993,,5,anonymous
526,,4,anonymous
699,,4,anonymous
697,,4,anonymous
828,,4,anonymous
662,,4,anonymous
831,,4,anonymous
590,,4,anonymous
621,,4,anonymous
935,,4,anonymous
406,,4,anonymous
420,,4,anonymous
896,,4,anonymous
62,,4,anonymous
251,,4,anonymous
101,,4,anonymous
447,,4,anonymous
497,,4,anonymous
890,,4,anonymous
873,,4,anonymous
490,,4,anonymous
252,,3,anonymous
532,,3,anonymous
241,,3,anonymous
709,,3,anonymous
506,,3,anonymous
756,,3,anonymous
962,,3,anonymous
963,,3,anonymous
213,,3,anonymous
208,,3,anonymous
970,,3,anonymous
562,,3,anonymous
383,,3,anonymous
456,,3,anonymous
376,,3,anonymous
778,,3,anonymous
364,,3,anonymous
445,,3,anonymous
901,,3,anonymous
643,,3,anonymous
481,,3,anonymous
847,,3,anonymous
467,,3,anonymous
926,,3,anonymous
1059,,2,anonymous
1040,,2,anonymous
1010,,2,anonymous
848,,2,anonymous
918,,2,anonymous
854,,2,anonymous
971,,2,anonymous
961,,2,anonymous
936,,2,anonymous
933,,2,anonymous
119,,2,anonymous
315,,2,anonymous
308,,2,anonymous
306,,2,anonymous
305,,2,anonymous
283,,2,anonymous
466,,2,anonymous
428,,2,anonymous
386,,2,anonymous
384,,2,anonymous
188,,2,anonymous
148,,2,anonymous
259,,2,anonymous
253,,2,anonymous
232,,2,anonymous
221,,2,anonymous
667,,2,anonymous
653,,2,anonymous
647,,2,anonymous
767,,2,anonymous
745,,2,anonymous
708,,2,anonymous
475,,2,anonymous
529,,2,anonymous
1003,,1,anonymous
1030,,1,anonymous
1069,,1,anonymous
50,,1,anonymous
1067,,1,anonymous
1065,,1,anonymous
1034,,1,anonymous
1038,,1,anonymous
1070,,1,anonymous
1032,,1,anonymous
1060,,1,anonymous
1053,,1,anonymous
73,,1,anonymous
1048,,1,anonymous
1049,,1,anonymous
1050,,1,anonymous
1026,,1,anonymous
1027,,1,anonymous
1051,,1,anonymous
1052,,1,anonymous
1019,,1,anonymous
1054,,1,anonymous
1055,,1,anonymous
1056,,1,anonymous
1057,,1,anonymous
1041,,1,anonymous
1009,,1,anonymous
1008,,1,anonymous
1007,,1,anonymous
658,,1,anonymous
634,,1,anonymous
616,,1,anonymous
598,,1,anonymous
546,,1,anonymous
534,,1,anonymous
763,,1,anonymous
792,,1,anonymous
773,,1,anonymous
772,,1,anonymous
770,,1,anonymous
769,,1,anonymous
768,,1,anonymous
765,,1,anonymous
764,,1,anonymous
829,,1,anonymous
663,,1,anonymous
220,,1,anonymous
987,,1,anonymous
892,,1,anonymous
900,,1,anonymous
362,,1,anonymous
339,,1,anonymous
310,,1,anonymous
294,,1,anonymous
277,,1,anonymous
275,,1,anonymous
